model,accuracy
Random_Forest,0.6443148688046647
Random_Forest,0.6384839650145773
